Date,Quantity
11/08/2016,2
11/08/2016,3
10/11/2015,5
06/09/2014,7
06/09/2014,9
07/16/2017,2
09/25/2015,3
09/17/2015,7
09/17/2015,3
12/08/2016,5
12/27/2015,3
12/27/2015,3
04/18/2015,2
04/18/2015,1
06/17/2016,5
11/24/2015,4
04/30/2015,5
04/26/2015,8
04/26/2015,2
12/09/2017,3
11/26/2014,5
05/28/2017,2
01/31/2015,3
11/09/2017,7
11/13/2015,3
12/25/2017,2
03/02/2015,3
06/12/2016,3
12/26/2014,3
09/20/2014,6
11/06/2016,2
11/06/2016,3
10/13/2016,14
09/05/2016,2
10/22/2014,4
12/05/2016,8
03/01/2014,2
09/08/2014,9
08/05/2014,7
11/21/2015,7
10/12/2015,4
10/12/2015,3
08/03/2014,2
06/03/2017,7
01/02/2015,5
12/24/2015,4
08/09/2015,5
02/28/2015,2
02/28/2015,8
04/07/2017,2
04/07/2017,3
04/07/2017,3
06/04/2016,5
06/04/2016,3
06/04/2016,5
06/04/2016,3
06/01/2014,7
12/10/2016,2
11/28/2015,9
07/30/2015,3
11/02/2015,5
11/20/2016,3
12/26/2014,8
12/26/2014,3
12/26/2014,3
10/28/2016,4
11/19/2017,3
05/04/2015,2
09/12/2016,4
09/12/2016,2
09/12/2016,1
09/27/2014,3
11/04/2014,1
11/03/2017,1
08/30/2016,4
07/12/2014,3
04/08/2016,6
09/25/2017,3
09/25/2017,8
10/21/2016,4
08/27/2017,7
11/27/2015,3
12/03/2015,1
09/08/2016,4
12/08/2017,7
12/08/2017,13
12/08/2017,2
11/03/2017,4
04/14/2016,5
10/19/2017,4
08/21/2017,4
11/23/2017,2
01/20/2017,3
09/05/2016,1
09/05/2016,3
03/20/2017,1
10/20/2017,2
02/12/2014,2
09/26/2016,3
04/22/2016,5
04/22/2016,6
01/17/2015,7
03/31/2017,2
11/09/2014,2
10/27/2016,3
06/10/2017,5
03/18/2016,3
07/25/2016,4
07/25/2016,2
07/25/2016,9
05/30/2016,2
11/26/2017,3
01/23/2017,2
10/21/2017,3
10/21/2017,3
11/07/2015,1
09/07/2017,3
12/07/2015,4
05/11/2014,4
04/15/2016,2
09/11/2017,1
06/10/2016,4
11/20/2017,3
09/14/2014,3
10/01/2017,3
07/20/2017,1
07/03/2015,1
08/08/2014,8
03/15/2014,3
08/18/2017,2
08/18/2017,2
08/18/2017,3
11/29/2015,2
09/15/2017,7
10/04/2015,3
05/20/2016,5
12/18/2016,3
12/11/2016,4
09/19/2016,2
08/24/2015,5
12/24/2014,5
06/09/2017,3
06/09/2017,1
03/18/2017,3
12/25/2017,2
06/21/2014,1
09/02/2017,3
11/04/2016,3
04/09/2015,3
12/02/2014,5
01/11/2014,2
09/24/2017,3
06/02/2014,6
12/15/2016,3
10/07/2014,5
12/03/2016,2
12/03/2016,3
01/21/2017,1
05/27/2014,10
10/02/2017,11
12/07/2015,4
09/18/2016,4
05/14/2014,2
05/19/2016,2
01/30/2017,7
08/21/2015,3
10/03/2015,1
12/12/2015,2
06/26/2015,3
11/27/2015,5
02/20/2017,1
04/22/2017,2
02/03/2015,2
10/13/2014,5
05/14/2017,2
06/28/2014,5
06/16/2017,2
11/20/2015,4
10/13/2015,3
01/01/2017,4
02/19/2016,2
01/10/2014,1
01/17/2016,3
11/30/2017,5
10/22/2016,5
04/29/2014,2
12/30/2017,4
05/31/2015,6
11/27/2017,1
06/15/2014,2
06/15/2014,4
12/13/2016,4
07/26/2015,3
11/28/2017,7
11/28/2017,6
11/28/2017,12
04/03/2017,4
12/28/2017,2
09/22/2015,2
11/14/2017,2
01/16/2014,6
10/03/2016,6
11/11/2014,5
05/21/2017,5
03/29/2015,5
10/28/2015,5
10/28/2015,7
07/31/2015,7
11/24/2014,4
06/17/2017,3
12/21/2015,13
07/06/2015,2
07/06/2015,3
04/27/2015,3
07/11/2014,3
07/11/2014,9
04/22/2016,2
03/20/2016,4
09/06/2016,3
10/12/2017,14
03/08/2016,3
07/03/2015,2
07/03/2015,9
04/04/2015,2
03/23/2015,2
10/01/2016,4
11/29/2015,9
03/01/2016,8
06/04/2017,2
06/25/2014,5
06/14/2016,3
11/19/2016,2
12/18/2017,1
01/20/2014,4
01/20/2014,3
04/12/2016,4
09/29/2014,2
05/08/2015,6
12/20/2014,7
12/20/2014,2
07/02/2016,1
12/08/2017,2
12/01/2016,2
02/26/2017,3
09/15/2015,4
09/15/2015,1
04/08/2016,4
07/18/2016,3
07/18/2016,3
07/14/2016,4
09/09/2017,2
09/09/2017,2
12/04/2016,3
11/06/2017,1
10/28/2016,3
10/28/2016,2
10/28/2016,3
08/11/2014,1
12/12/2014,6
12/12/2014,12
12/12/2014,3
12/18/2017,9
03/10/2017,1
03/10/2017,2
10/01/2016,5
12/24/2014,6
09/23/2017,3
05/26/2016,5
11/22/2016,2
12/23/2016,6
12/23/2016,3
09/19/2015,2
07/03/2017,1
06/20/2016,2
09/24/2016,2
12/18/2016,8
06/14/2015,6
05/23/2016,3
04/02/2017,3
03/31/2017,2
10/03/2014,3
05/04/2017,1
04/26/2017,1
09/26/2014,2
11/10/2017,4
07/08/2017,5
12/24/2015,7
09/14/2015,5
09/03/2016,3
02/05/2016,3
02/05/2016,2
10/09/2017,5
10/09/2017,3
04/19/2016,2
04/06/2014,3
09/02/2016,2
09/25/2016,3
07/09/2016,2
07/09/2016,4
01/28/2017,3
09/21/2015,4
12/19/2014,14
10/15/2015,5
06/13/2017,7
06/12/2017,3
05/04/2014,2
03/11/2016,2
08/26/2016,6
08/08/2014,4
12/09/2017,3
12/01/2015,4
11/03/2015,3
11/24/2017,6
10/30/2017,2
11/24/2016,2
08/01/2015,6
09/12/2017,2
12/11/2017,1
12/10/2017,4
12/06/2015,6
07/22/2016,2
02/10/2017,2
09/15/2017,3
03/11/2014,5
12/31/2014,7
03/16/2015,2
06/30/2017,5
11/23/2014,5
11/23/2014,2
12/15/2014,5
08/09/2015,9
08/09/2015,3
08/09/2015,2
03/24/2015,3
05/08/2017,2
10/16/2017,13
11/19/2017,2
05/08/2016,2
05/26/2014,2
07/08/2017,2
09/24/2015,6
06/21/2017,5
05/26/2016,3
05/12/2014,7
01/10/2015,4
09/17/2015,2
09/07/2014,2
11/07/2016,3
12/10/2017,2
08/16/2014,6
03/14/2016,5
06/03/2014,6
07/13/2015,9
10/30/2017,1
09/08/2017,7
10/07/2017,2
05/19/2016,4
05/19/2016,8
12/20/2015,3
04/29/2017,5
10/30/2017,2
11/22/2015,2
10/14/2017,2
09/05/2015,4
09/05/2015,3
08/04/2016,9
12/01/2014,8
07/07/2016,5
11/13/2016,1
10/23/2016,7
06/09/2014,7
11/20/2017,5
11/20/2017,2
09/14/2015,3
05/25/2014,2
02/16/2016,3
12/22/2016,4
12/22/2016,1
10/21/2017,1
11/05/2015,3
08/01/2014,4
07/18/2016,1
02/09/2015,2
01/12/2017,2
09/10/2017,3
03/26/2017,2
10/13/2016,5
10/13/2016,3
04/15/2017,5
07/21/2014,2
07/21/2014,1
11/21/2017,1
03/10/2016,1
12/29/2017,4
03/05/2015,7
04/22/2016,3
10/21/2014,3
08/29/2014,3
10/21/2017,2
02/03/2015,4
12/18/2017,2
08/17/2017,2
08/06/2017,3
08/06/2017,5
05/25/2015,3
07/08/2016,3
09/02/2017,2
09/02/2017,1
09/02/2017,5
10/18/2014,6
04/14/2016,4
11/25/2014,3
11/09/2015,7
12/02/2017,4
12/25/2017,5
08/03/2017,2
09/18/2016,1
09/19/2016,4
03/13/2015,2
09/25/2017,3
06/18/2015,5
07/11/2015,7
07/11/2015,8
07/11/2015,6
12/01/2016,3
12/22/2017,7
12/22/2017,2
10/31/2014,3
04/13/2015,3
11/20/2017,5
12/01/2014,3
12/24/2015,2
07/15/2017,3
11/17/2014,5
07/18/2014,4
10/31/2015,4
10/31/2015,1
10/12/2015,1
11/09/2017,3
09/22/2017,2
10/04/2015,3
05/20/2014,7
12/31/2015,5
06/06/2014,3
06/25/2016,3
12/12/2014,1
11/19/2017,3
04/30/2016,3
05/14/2016,1
10/13/2016,5
11/19/2017,2
05/07/2016,4
05/07/2016,8
08/10/2017,2
06/01/2014,6
09/06/2015,3
06/29/2015,1
11/21/2017,1
10/01/2017,4
12/06/2015,1
03/19/2016,1
10/01/2016,1
06/26/2017,5
04/20/2017,2
09/17/2016,2
06/16/2017,7
02/06/2017,3
03/06/2015,7
10/03/2014,1
10/03/2014,3
06/27/2014,1
10/30/2017,2
10/30/2017,8
10/30/2017,2
01/08/2017,2
04/20/2015,6
12/23/2017,3
11/01/2015,5
09/17/2017,4
12/23/2016,2
06/11/2017,1
07/20/2017,3
09/15/2015,1
12/25/2015,4
12/31/2014,5
03/13/2016,5
08/31/2015,7
03/17/2014,7
03/17/2014,4
03/17/2014,3
03/13/2016,2
11/24/2014,1
09/23/2016,6
07/07/2016,8
07/07/2016,2
05/06/2016,7
12/06/2015,4
09/27/2016,7
03/23/2017,8
11/12/2014,3
12/29/2016,5
07/06/2015,2
12/25/2017,2
06/11/2016,7
12/28/2017,2
03/25/2014,7
07/03/2017,9
11/18/2014,2
07/17/2017,2
05/22/2016,2
10/31/2016,5
01/22/2016,8
01/22/2016,4
11/03/2016,2
09/04/2017,3
08/28/2017,5
09/10/2016,5
06/16/2014,8
07/25/2014,8
11/11/2016,2
05/02/2017,3
01/27/2015,2
07/16/2015,6
07/16/2015,3
04/30/2016,7
09/08/2016,3
04/16/2017,1
11/19/2017,6
10/08/2016,8
05/31/2015,7
11/01/2017,9
07/09/2017,5
01/26/2014,3
01/26/2014,3
06/30/2017,1
09/08/2016,2
09/08/2016,3
06/04/2016,1
06/04/2016,4
11/25/2014,5
11/25/2014,3
04/28/2016,2
04/26/2014,3
05/15/2017,2
05/15/2017,2
05/15/2017,1
07/05/2015,2
06/12/2017,4
04/17/2016,8
09/07/2014,3
09/07/2014,6
09/26/2016,5
09/17/2017,3
12/24/2015,4
05/01/2016,3
08/25/2015,1
09/09/2014,6
01/22/2016,5
10/15/2014,1
03/18/2014,2
03/18/2014,3
01/30/2015,7
10/09/2017,4
12/06/2014,3
11/07/2017,4
02/13/2017,1
11/13/2015,3
11/04/2014,2
06/20/2015,6
05/12/2014,3
06/08/2014,3
05/26/2014,2
03/11/2016,4
12/10/2017,3
07/17/2015,2
04/30/2017,8
09/21/2015,4
12/02/2014,5
12/02/2014,5
04/12/2014,3
11/03/2017,3
09/07/2015,2
07/25/2015,5
07/25/2015,2
11/16/2015,6
11/16/2015,3
11/16/2015,3
09/01/2015,1
09/01/2015,2
05/05/2016,3
09/25/2014,2
03/14/2014,4
12/27/2016,8
04/08/2017,6
03/19/2016,1
03/19/2016,4
08/26/2016,4
08/15/2016,2
05/19/2017,9
06/12/2017,2
03/22/2014,3
01/21/2016,2
01/21/2016,7
11/11/2016,4
10/18/2016,5
04/29/2014,2
10/23/2017,11
04/26/2015,2
06/27/2016,3
11/23/2016,2
11/23/2016,7
09/02/2014,1
07/10/2017,3
11/18/2017,4
08/08/2015,1
03/25/2017,1
03/25/2017,7
03/25/2017,3
11/19/2017,1
11/04/2016,7
12/14/2017,3
11/12/2017,2
11/12/2017,2
06/27/2017,3
12/16/2017,2
12/16/2017,2
12/16/2017,2
12/27/2014,6
11/06/2017,2
05/07/2015,2
12/04/2017,7
01/13/2014,6
06/12/2015,2
07/12/2014,4
12/06/2014,1
05/25/2016,4
06/21/2014,1
12/05/2016,3
09/17/2015,2
08/23/2016,3
11/08/2015,3
11/17/2017,2
04/22/2017,3
12/17/2017,5
09/21/2015,4
11/21/2016,4
06/11/2015,2
10/03/2017,3
05/05/2016,5
09/11/2017,8
04/02/2017,2
10/06/2017,2
10/19/2017,2
10/19/2017,2
11/17/2014,3
10/03/2015,2
07/20/2014,5
07/20/2014,2
02/09/2017,2
03/31/2017,5
04/27/2017,4
04/14/2017,3
12/22/2017,1
08/23/2016,6
06/11/2015,5
06/11/2015,3
12/16/2014,2
12/16/2014,2
08/24/2014,2
11/12/2017,3
09/05/2016,7
02/11/2017,4
12/15/2015,7
08/24/2015,2
10/29/2016,5
05/28/2016,8
03/21/2016,5
09/23/2017,2
12/05/2017,3
12/05/2017,2
05/18/2014,3
11/10/2014,2
11/10/2014,5
09/01/2017,5
01/15/2016,1
11/20/2016,5
11/20/2016,3
12/01/2017,3
09/17/2016,2
04/17/2017,3
12/09/2016,3
02/09/2015,5
09/30/2014,3
12/26/2014,2
11/18/2014,3
03/20/2016,7
09/27/2014,5
12/24/2017,2
11/10/2017,5
12/20/2014,3
07/23/2015,3
12/14/2017,1
08/21/2017,4
08/21/2017,3
08/27/2016,1
09/23/2014,3
07/19/2014,1
06/04/2015,3
07/16/2016,3
01/31/2014,2
11/21/2015,2
12/04/2015,3
12/04/2015,5
12/04/2015,2
11/23/2017,9
12/04/2015,7
10/07/2017,3
05/04/2015,7
05/29/2017,4
04/23/2014,2
04/23/2014,2
04/23/2014,4
09/06/2015,2
09/24/2015,10
07/03/2017,2
12/08/2017,2
09/27/2015,3
10/30/2017,2
10/30/2017,2
09/16/2017,3
09/10/2015,2
12/14/2016,6
12/01/2016,2
03/03/2017,1
12/08/2016,6
04/07/2014,2
08/27/2014,4
08/27/2014,3
07/02/2015,2
07/02/2015,6
09/24/2017,4
08/08/2016,2
06/20/2014,4
09/04/2017,9
06/22/2015,7
09/18/2016,3
09/18/2016,2
10/30/2017,1
03/29/2016,6
09/09/2016,4
07/25/2016,8
12/10/2015,2
12/10/2015,2
09/09/2014,3
11/17/2014,5
08/21/2017,2
08/21/2017,4
11/19/2017,6
09/14/2014,5
05/19/2017,12
11/10/2016,7
03/12/2015,4
03/12/2015,3
11/06/2017,2
12/05/2015,2
07/09/2015,2
10/30/2015,4
11/19/2015,2
12/24/2017,1
01/09/2016,2
11/23/2014,2
10/15/2017,3
04/21/2017,3
12/08/2014,5
12/20/2016,4
03/06/2017,3
09/23/2016,3
08/27/2017,2
08/27/2017,3
03/03/2016,5
09/18/2015,2
08/13/2016,2
03/21/2016,2
12/16/2014,9
12/17/2016,6
05/03/2015,6
01/27/2014,3
11/04/2017,3
10/14/2016,1
11/12/2015,5
11/12/2015,3
09/15/2015,2
09/15/2015,7
10/09/2017,3
05/07/2017,5
05/07/2017,1
05/07/2017,2
11/14/2015,3
11/24/2014,3
07/26/2014,3
07/26/2014,9
06/08/2014,3
10/28/2014,6
09/21/2015,2
06/06/2017,1
02/17/2017,3
11/28/2015,5
10/23/2015,1
10/23/2015,7
10/23/2015,3
06/15/2015,6
06/15/2015,4
11/24/2016,6
04/05/2015,4
04/05/2015,1
04/05/2015,5
09/18/2017,2
07/18/2017,5
07/18/2017,2
07/18/2017,3
09/17/2014,2
03/14/2016,5
06/16/2015,2
12/10/2016,5
05/18/2017,2
11/18/2016,6
04/04/2014,1
06/26/2016,3
05/29/2016,3
02/19/2017,3
03/29/2016,8
10/22/2016,4
12/23/2014,2
12/15/2017,3
07/07/2016,4
04/17/2016,3
04/17/2016,5
11/25/2014,2
05/01/2015,3
03/08/2015,3
03/08/2015,7
03/08/2015,6
07/17/2015,5
10/11/2014,11
03/03/2016,3
01/01/2017,11
06/22/2014,3
06/22/2014,5
10/27/2017,5
12/24/2017,4
12/29/2014,5
12/29/2014,6
06/25/2015,5
06/24/2017,3
06/24/2017,2
09/29/2014,2
09/29/2014,1
11/20/2015,3
08/28/2016,2
11/15/2017,4
11/15/2017,4
08/19/2014,9
12/21/2017,2
09/07/2015,3
12/25/2015,1
07/27/2017,3
12/01/2017,5
01/30/2017,1
11/28/2015,3
10/11/2014,2
12/05/2016,1
11/16/2015,2
04/08/2016,5
10/31/2014,2
10/31/2014,3
10/31/2014,5
10/31/2014,1
04/01/2017,8
06/11/2017,3
12/13/2014,3
01/05/2015,1
07/05/2017,9
11/28/2017,5
11/28/2017,5
12/01/2016,4
09/19/2014,7
10/13/2017,3
03/14/2016,2
11/05/2016,8
11/05/2016,7
06/25/2017,4
11/26/2015,11
11/24/2016,4
04/16/2016,2
11/14/2014,2
11/21/2015,2
12/09/2017,9
10/22/2017,5
07/03/2017,3
08/23/2017,2
10/26/2014,4
11/04/2014,4
12/07/2017,6
12/20/2015,2
09/18/2016,2
09/18/2016,3
12/11/2017,1
12/11/2017,2
04/25/2014,5
04/25/2014,5
10/25/2015,3
07/20/2015,4
07/20/2015,5
11/20/2017,2
07/07/2014,2
07/07/2014,2
03/17/2016,5
12/20/2014,3
05/18/2017,3
03/21/2017,6
11/03/2016,5
11/03/2016,3
06/19/2015,2
07/04/2016,5
07/04/2016,5
09/03/2015,2
09/28/2017,1
11/24/2017,2
05/08/2017,3
09/29/2017,1
09/29/2017,2
09/29/2017,4
10/22/2017,2
08/14/2017,3
12/01/2014,2
12/01/2014,6
06/18/2017,9
12/24/2014,1
05/23/2017,3
11/10/2016,2
10/27/2016,1
02/20/2014,4
11/02/2014,6
07/17/2017,4
11/14/2016,2
10/10/2014,3
07/08/2017,3
02/27/2015,7
07/12/2015,9
07/12/2015,1
07/13/2014,3
12/27/2014,3
05/05/2014,3
12/04/2015,5
09/26/2017,4
04/19/2014,3
12/12/2016,4
09/19/2016,3
11/02/2017,3
12/26/2016,3
12/26/2016,3
07/16/2015,1
11/09/2017,8
09/21/2015,3
09/09/2017,3
10/15/2015,2
08/03/2017,3
08/21/2015,6
10/22/2017,4
08/12/2016,2
04/26/2016,3
05/03/2015,6
01/10/2016,4
05/06/2017,7
07/31/2016,3
03/27/2017,2
08/29/2016,4
08/29/2016,4
12/20/2014,2
12/20/2014,3
12/17/2015,3
12/17/2015,2
12/17/2015,9
12/17/2015,3
05/11/2017,1
05/17/2016,4
12/16/2014,2
12/03/2017,2
06/07/2014,3
11/25/2014,3
03/29/2015,3
04/07/2016,3
02/18/2015,1
03/03/2016,3
11/20/2017,2
11/23/2017,1
07/08/2014,1
11/07/2014,4
12/11/2015,4
12/11/2015,9
12/11/2015,5
12/11/2015,5
03/16/2015,1
05/14/2016,3
07/13/2017,9
11/14/2016,3
11/14/2016,3
11/21/2016,3
11/21/2016,3
11/20/2017,2
09/08/2014,5
12/12/2014,3
12/12/2014,3
01/13/2015,4
01/13/2015,9
11/13/2017,6
11/02/2017,4
11/28/2016,3
10/15/2014,2
12/01/2014,3
10/09/2017,3
01/02/2016,3
10/19/2017,1
12/01/2017,3
01/13/2014,3
02/06/2015,9
02/06/2015,4
11/27/2017,3
06/09/2014,2
03/07/2014,1
08/02/2015,1
11/06/2016,2
11/06/2016,2
04/24/2016,6
12/18/2015,5
05/11/2017,7
11/24/2014,7
11/15/2014,3
12/18/2016,4
07/29/2017,3
12/26/2016,3
08/09/2015,5
04/06/2014,3
07/11/2015,4
11/10/2016,9
01/03/2015,9
05/08/2015,3
11/30/2017,7
08/08/2014,6
04/20/2014,5
04/20/2014,2
11/25/2017,3
12/06/2014,5
12/06/2014,3
12/14/2014,4
11/13/2015,9
09/14/2014,9
12/29/2017,8
11/13/2016,4
04/01/2016,6
02/02/2017,2
12/24/2017,4
12/24/2017,3
08/07/2015,3
06/30/2017,3
06/30/2017,2
07/30/2014,8
11/18/2016,2
07/06/2015,3
11/10/2014,3
05/27/2016,5
10/19/2017,3
04/13/2015,2
09/13/2015,7
11/28/2014,5
08/15/2015,7
09/01/2017,7
06/14/2014,3
06/21/2016,2
03/19/2017,5
03/19/2017,1
10/18/2014,6
08/22/2017,1
09/20/2014,3
09/20/2014,3
08/02/2016,2
03/05/2015,2
03/05/2015,2
09/07/2014,1
09/11/2017,4
01/16/2017,4
01/16/2017,7
11/07/2015,3
09/13/2014,6
09/05/2015,2
05/05/2017,3
09/08/2014,5
12/26/2015,1
07/27/2017,1
05/30/2016,10
11/16/2014,2
09/21/2014,2
02/21/2016,5
11/19/2017,3
04/30/2017,2
05/02/2016,9
10/02/2017,2
10/02/2017,1
10/02/2017,7
10/02/2017,2
12/04/2015,6
09/04/2016,1
08/26/2014,4
05/13/2014,6
04/14/2017,8
12/29/2016,6
04/08/2017,2
04/08/2017,3
10/24/2015,7
11/19/2014,6
09/24/2016,5
04/09/2016,5
12/03/2016,6
06/14/2016,5
09/05/2014,2
07/05/2014,2
07/05/2014,3
09/12/2014,2
12/29/2017,2
09/04/2017,8
09/28/2017,3
01/19/2014,5
06/09/2016,3
09/26/2014,3
12/19/2017,5
12/19/2017,7
01/30/2017,4
04/01/2017,3
11/28/2014,4
07/15/2017,6
11/02/2017,1
10/08/2015,5
12/04/2017,10
12/04/2017,2
05/22/2017,2
12/19/2016,6
09/07/2017,2
11/12/2014,1
10/02/2017,2
12/14/2015,2
03/13/2017,1
12/12/2016,6
09/09/2017,5
10/04/2017,1
12/15/2014,2
10/13/2014,2
09/20/2016,2
09/20/2016,1
06/30/2017,2
09/25/2016,2
09/25/2016,11
09/29/2014,2
09/29/2014,9
06/26/2017,3
08/21/2016,9
02/11/2014,6
03/26/2017,3
12/21/2014,6
12/21/2014,3
04/01/2016,4
04/14/2017,5
01/04/2015,14
07/17/2017,5
12/18/2016,5
09/24/2016,2
06/09/2015,4
12/29/2014,3
07/28/2014,6
12/26/2015,3
12/10/2015,3
05/05/2016,2
12/14/2014,1
05/08/2015,3
05/08/2015,2
12/08/2017,4
06/29/2017,9
06/29/2017,2
01/20/2014,2
03/28/2017,1
03/28/2017,7
05/30/2014,3
02/03/2016,4
08/11/2015,3
08/12/2017,4
11/03/2015,10
09/24/2015,3
04/12/2016,7
11/11/2014,1
10/02/2017,6
04/10/2017,5
09/29/2017,1
09/29/2017,1
09/29/2014,4
08/20/2014,2
11/13/2017,3
02/06/2016,4
03/22/2015,2
05/12/2017,5
09/03/2017,1
09/03/2017,2
12/03/2016,2
12/03/2016,1
07/21/2016,5
09/22/2015,2
11/17/2015,4
11/17/2015,2
11/17/2015,3
11/10/2015,3
08/05/2015,5
09/03/2017,2
11/01/2015,2
08/05/2014,5
11/07/2016,4
06/14/2016,7
09/24/2016,3
09/18/2016,2
09/18/2016,9
03/13/2016,2
04/03/2016,4
11/27/2016,3
12/02/2016,3
09/17/2015,2
09/17/2015,6
09/17/2015,5
11/26/2016,2
04/08/2014,8
10/11/2014,4
07/07/2017,3
07/04/2016,5
08/25/2014,1
11/11/2014,2
11/11/2014,4
03/12/2016,3
02/09/2017,4
07/20/2014,3
02/06/2017,1
09/07/2014,5
09/07/2014,2
07/19/2016,6
07/19/2016,5
09/15/2017,3
12/11/2016,5
12/11/2016,3
12/10/2014,3
12/13/2014,3
09/07/2017,4
11/02/2015,2
04/01/2017,3
04/06/2014,2
04/06/2014,7
07/06/2017,1
12/25/2016,4
12/14/2015,3
09/04/2016,3
02/04/2016,2
05/19/2017,3
09/03/2015,3
06/09/2016,3
09/23/2016,4
05/20/2017,8
05/20/2017,1
09/01/2016,3
02/18/2014,5
12/14/2015,3
09/20/2017,3
09/20/2017,1
09/20/2017,11
09/20/2017,5
08/22/2017,2
11/12/2016,7
11/12/2016,9
11/12/2016,2
09/19/2017,8
09/19/2017,2
03/31/2016,6
12/27/2014,14
08/16/2016,2
03/30/2014,2
12/28/2017,6
04/08/2016,5
03/18/2014,10
04/20/2017,2
04/20/2017,3
03/19/2014,3
03/19/2014,3
09/21/2015,4
12/11/2016,5
12/24/2016,9
12/16/2016,5
12/01/2017,2
10/20/2016,1
08/18/2017,3
11/28/2015,3
12/23/2017,4
10/05/2015,1
10/05/2015,4
09/11/2017,2
12/12/2015,3
05/28/2017,8
11/20/2015,3
05/29/2017,3
09/08/2015,8
12/02/2017,9
07/17/2016,3
07/17/2016,5
11/20/2015,2
09/24/2016,5
10/21/2016,2
07/08/2014,3
03/13/2015,4
03/13/2015,8
12/02/2017,2
11/30/2017,3
11/04/2016,1
11/04/2016,3
09/11/2014,3
01/20/2014,3
01/20/2014,3
08/30/2016,4
10/05/2017,2
09/03/2017,5
10/03/2016,5
11/21/2016,2
10/03/2017,4
04/29/2014,2
12/15/2016,2
03/29/2016,5
12/14/2016,4
05/30/2017,2
05/30/2017,3
08/31/2017,2
05/14/2017,5
10/31/2016,3
10/24/2015,8
11/03/2014,6
11/03/2014,3
05/27/2017,4
12/14/2017,4
10/04/2014,5
10/13/2016,3
03/04/2017,5
07/31/2017,7
05/14/2017,2
09/22/2016,2
12/02/2016,6
01/14/2014,4
06/03/2017,2
06/03/2017,2
09/15/2014,4
11/20/2016,2
07/24/2015,3
10/09/2016,4
09/15/2017,3
09/15/2017,5
01/16/2017,3
11/17/2014,10
10/20/2014,3
10/25/2015,5
11/16/2017,2
03/01/2014,6
07/30/2015,6
11/01/2015,4
06/05/2015,9
05/07/2014,2
05/07/2014,4
04/18/2014,3
03/03/2017,3
10/22/2016,3
07/21/2017,5
07/21/2017,3
12/02/2014,3
12/02/2014,8
05/26/2016,6
04/21/2015,2
04/21/2015,3
06/17/2016,2
01/13/2017,3
09/06/2014,6
01/19/2015,1
01/19/2015,4
12/25/2016,3
12/25/2016,5
10/31/2014,8
12/15/2016,3
09/08/2017,2
09/08/2017,5
02/20/2017,2
02/20/2017,9
10/26/2017,5
05/12/2017,5
09/05/2015,4
10/10/2014,7
11/05/2014,6
12/17/2015,2
07/21/2017,2
05/20/2015,4
11/14/2015,4
11/14/2015,3
12/14/2017,6
12/14/2017,3
04/08/2016,4
11/04/2016,6
06/18/2015,4
05/26/2014,2
07/06/2017,3
06/28/2016,2
09/15/2017,5
09/15/2017,4
07/24/2016,2
04/20/2017,3
04/20/2017,5
09/03/2016,3
09/03/2016,2
07/25/2017,4
07/25/2017,1
09/13/2015,3
11/10/2016,1
11/16/2015,2
08/25/2015,2
08/25/2015,5
12/25/2016,1
12/25/2016,2
03/31/2015,3
09/14/2017,2
09/14/2017,8
06/17/2014,3
12/28/2017,3
12/28/2017,2
12/28/2017,2
07/25/2015,2
09/08/2016,1
10/15/2017,1
09/12/2016,4
07/06/2014,2
04/20/2014,4
01/08/2016,6
04/17/2017,3
08/21/2016,9
09/05/2016,3
10/15/2015,6
12/01/2015,5
12/01/2015,9
05/31/2015,8
09/18/2017,4
05/24/2015,7
12/10/2017,2
07/29/2017,2
12/16/2014,5
11/30/2015,12
07/14/2014,2
09/02/2016,2
09/30/2016,5
04/25/2015,3
11/19/2017,3
07/14/2016,1
01/10/2016,5
06/28/2015,4
11/08/2015,3
03/30/2015,4
08/19/2014,7
11/01/2015,2
12/15/2014,2
08/21/2015,3
08/21/2015,1
12/09/2017,3
08/23/2014,3
11/11/2016,3
11/09/2017,3
12/17/2017,2
07/18/2017,4
04/08/2014,1
12/11/2016,5
12/11/2016,7
09/02/2016,3
06/19/2017,6
06/19/2017,3
05/05/2016,6
12/01/2017,2
08/09/2015,3
11/14/2016,4
11/26/2017,3
11/26/2017,2
11/26/2017,3
11/20/2015,3
09/07/2017,5
11/24/2014,5
03/11/2017,3
12/22/2017,2
12/22/2017,2
12/25/2015,6
07/22/2014,3
07/22/2014,3
10/08/2017,2
04/21/2017,9
08/17/2017,4
08/17/2017,2
11/12/2016,3
11/13/2016,2
11/27/2016,7
10/28/2016,5
12/29/2014,3
10/02/2017,2
07/14/2016,4
03/08/2016,8
12/24/2016,7
04/23/2017,7
04/23/2017,2
08/17/2017,9
03/03/2014,5
05/30/2016,5
11/23/2014,2
01/14/2016,8
09/16/2016,2
11/13/2015,7
09/09/2017,2
06/20/2016,3
01/23/2016,7
05/26/2015,1
11/18/2014,4
11/18/2014,2
11/18/2014,6
09/04/2017,2
03/29/2014,3
11/05/2016,2
10/16/2016,1
11/26/2017,5
12/05/2017,2
03/18/2014,2
11/12/2016,6
04/11/2015,2
04/11/2015,3
12/25/2015,2
12/20/2014,3
07/26/2014,2
07/26/2014,3
12/11/2017,6
12/11/2017,1
10/09/2016,2
12/30/2014,3
04/12/2016,3
11/28/2016,7
09/13/2016,14
11/29/2017,2
11/29/2017,5
12/25/2016,2
12/25/2016,3
09/08/2016,1
05/14/2015,5
05/14/2015,3
05/14/2015,2
05/14/2015,3
05/30/2016,8
04/08/2014,1
05/30/2017,1
03/13/2016,2
04/10/2017,3
06/25/2016,2
06/25/2016,2
03/24/2015,5
09/02/2017,2
02/03/2017,1
11/11/2017,5
09/17/2017,5
04/16/2015,7
04/16/2015,9
11/11/2017,4
09/15/2014,2
01/06/2014,9
12/15/2014,7
12/19/2015,4
09/10/2015,6
09/11/2017,5
07/14/2017,3
07/14/2017,3
07/14/2017,5
09/05/2016,2
09/10/2014,5
09/26/2017,3
06/17/2016,3
06/17/2016,4
02/25/2017,2
02/25/2017,5
12/03/2017,2
12/02/2017,8
12/02/2017,6
12/02/2017,5
09/05/2016,3
05/10/2014,7
11/01/2014,6
12/30/2016,1
09/03/2016,4
01/30/2016,4
01/30/2016,1
10/21/2014,4
12/18/2016,3
04/16/2015,2
11/16/2017,3
09/05/2016,9
09/05/2016,2
09/05/2016,3
05/27/2016,3
05/27/2016,2
08/24/2015,3
10/27/2017,1
11/25/2014,4
05/23/2015,9
03/30/2014,7
12/29/2017,8
12/29/2017,1
12/29/2017,3
03/02/2017,2
04/05/2015,3
03/15/2016,4
12/27/2015,9
11/30/2015,4
04/15/2014,4
01/07/2014,3
10/22/2014,4
11/27/2015,1
11/27/2015,3
11/27/2015,4
12/31/2014,2
12/31/2014,6
11/25/2016,9
07/15/2017,3
03/22/2016,7
12/14/2017,2
08/26/2016,4
10/28/2017,3
09/10/2015,1
06/13/2017,4
06/18/2015,3
11/30/2015,2
11/13/2017,3
08/12/2017,5
11/04/2016,10
05/17/2016,3
03/24/2017,3
03/24/2014,2
02/14/2016,3
02/14/2016,6
06/08/2017,2
05/16/2014,5
02/03/2015,1
04/26/2015,3
04/13/2015,2
09/25/2015,4
03/28/2014,4
07/21/2017,4
02/27/2016,2
07/14/2015,2
07/14/2015,6
10/03/2016,4
11/29/2016,4
06/14/2016,2
12/03/2017,3
12/03/2017,5
12/03/2017,1
12/25/2016,5
08/13/2017,1
08/13/2017,2
12/03/2016,3
12/03/2016,2
04/28/2016,2
11/20/2015,4
11/20/2017,3
07/25/2017,6
07/15/2016,3
12/14/2016,2
03/01/2014,6
03/01/2014,6
10/05/2017,4
10/05/2017,5
10/05/2017,3
10/10/2016,3
10/10/2016,1
08/16/2015,3
09/10/2014,5
11/20/2015,6
11/03/2017,12
05/04/2014,7
12/01/2014,3
12/01/2014,2
11/17/2015,5
05/25/2017,3
09/09/2014,6
07/21/2014,5
09/11/2015,2
01/07/2016,3
06/25/2015,9
06/30/2017,3
08/21/2017,6
03/11/2017,1
09/26/2014,1
08/28/2015,2
08/28/2015,2
10/20/2015,6
01/01/2017,5
01/01/2017,4
06/23/2015,3
10/20/2016,5
07/27/2017,3
02/17/2017,1
12/08/2017,4
11/18/2017,2
12/01/2016,5
12/01/2016,2
08/29/2017,3
07/22/2017,4
11/11/2016,2
11/11/2016,3
09/07/2017,2
08/26/2017,5
10/08/2015,3
08/12/2016,7
11/09/2014,9
02/05/2016,4
01/26/2014,2
10/04/2016,2
02/16/2016,2
11/02/2015,6
11/02/2015,3
07/31/2016,7
11/06/2017,7
11/06/2017,2
08/02/2015,4
11/21/2015,8
05/18/2017,3
05/18/2017,1
09/13/2015,4
11/17/2017,4
11/30/2015,2
11/08/2015,3
11/08/2015,2
04/26/2015,1
11/07/2016,5
10/03/2014,3
04/04/2016,2
06/30/2016,7
05/01/2017,4
05/01/2017,5
10/20/2017,4
08/12/2014,3
03/05/2015,2
01/30/2017,1
12/25/2016,8
10/20/2016,4
05/09/2017,3
12/21/2015,3
07/05/2015,2
07/26/2017,3
11/03/2017,4
03/01/2014,3
01/26/2017,4
07/12/2014,3
03/09/2016,5
04/13/2017,6
03/21/2014,3
03/21/2014,3
04/30/2015,5
04/30/2015,1
04/30/2015,5
05/03/2017,2
05/03/2017,5
08/26/2016,3
01/02/2017,5
06/11/2016,3
10/17/2016,2
11/24/2016,3
02/08/2016,4
12/23/2017,2
12/01/2016,5
12/01/2016,3
11/02/2017,2
12/05/2015,3
07/08/2017,4
07/08/2017,2
11/15/2016,4
03/10/2017,4
05/09/2017,1
10/12/2017,2
10/12/2017,5
12/19/2016,5
11/08/2017,10
09/14/2014,5
10/23/2017,4
10/23/2017,4
10/23/2017,2
10/23/2017,3
04/18/2016,4
04/18/2016,5
05/28/2017,3
11/11/2016,6
04/23/2017,4
04/23/2017,3
09/24/2017,10
02/02/2016,7
03/01/2015,3
05/02/2016,4
02/02/2016,2
06/04/2017,6
12/04/2017,1
12/04/2017,3
12/04/2017,3
01/11/2016,14
03/16/2017,6
11/10/2017,2
11/30/2016,3
12/22/2015,7
03/27/2016,1
03/27/2016,4
09/11/2015,4
12/09/2016,7
12/23/2016,2
04/02/2016,5
04/30/2017,6
07/03/2017,1
12/22/2017,2
05/20/2014,3
04/23/2017,3
06/04/2014,2
06/04/2014,2
06/04/2014,2
03/03/2017,7
11/06/2017,5
09/07/2015,2
07/28/2016,5
08/25/2017,2
04/27/2017,7
11/08/2015,1
11/25/2016,3
12/05/2015,2
09/13/2014,3
11/25/2017,5
05/12/2015,4
03/30/2017,5
12/27/2014,3
02/16/2017,3
02/16/2017,1
10/24/2017,5
09/15/2017,1
06/15/2017,4
06/15/2017,2
09/08/2014,2
11/16/2014,3
03/03/2014,3
12/03/2015,3
06/12/2016,2
06/12/2016,2
12/27/2015,3
12/27/2015,2
06/27/2017,3
10/02/2015,1
02/02/2017,2
07/22/2016,3
09/12/2016,4
07/02/2016,5
12/13/2017,3
03/01/2015,6
09/15/2016,3
06/15/2017,3
06/15/2017,2
11/10/2016,2
09/12/2016,2
07/26/2015,3
11/15/2015,2
07/02/2015,10
09/11/2015,4
09/20/2014,5
12/01/2017,12
12/01/2017,9
09/16/2016,2
12/01/2015,9
08/05/2014,2
08/15/2016,3
05/31/2016,3
05/31/2016,3
04/02/2014,2
10/04/2016,3
01/30/2016,3
04/13/2015,4
04/13/2015,2
12/18/2017,5
03/14/2016,2
10/10/2017,3
12/22/2017,6
08/08/2014,4
12/25/2017,3
11/25/2017,5
11/05/2016,2
11/05/2016,5
11/03/2016,7
03/24/2017,2
04/25/2017,7
11/23/2017,1
03/06/2016,5
03/06/2016,2
12/03/2015,3
12/24/2015,2
10/16/2017,7
05/13/2017,5
11/18/2017,2
02/21/2016,7
12/16/2014,6
08/22/2016,3
06/29/2015,1
06/26/2016,3
09/17/2016,3
09/17/2016,3
09/01/2017,4
06/22/2017,2
09/19/2014,1
09/28/2014,4
11/02/2015,11
10/20/2015,7
10/20/2015,3
06/14/2016,7
09/02/2016,3
12/04/2017,3
02/16/2016,4
09/26/2016,5
06/28/2015,6
11/07/2015,5
01/19/2017,2
01/19/2017,3
08/18/2016,3
08/18/2016,4
03/24/2016,3
05/28/2017,2
08/01/2016,2
12/08/2016,7
12/08/2016,3
12/01/2016,2
08/07/2017,1
08/07/2017,1
05/10/2014,1
10/17/2016,1
12/08/2014,2
12/08/2014,3
08/16/2015,3
10/13/2017,4
09/02/2016,9
09/02/2016,3
02/11/2017,2
07/09/2014,1
02/11/2014,1
02/11/2014,3
09/02/2017,3
10/09/2015,3
02/08/2014,2
09/25/2015,1
05/12/2016,3
12/01/2017,2
09/20/2016,2
11/18/2014,3
11/21/2015,1
06/19/2017,3
11/30/2017,6
05/28/2017,4
04/18/2015,1
07/20/2017,2
07/20/2017,4
11/04/2016,3
11/04/2016,4
09/23/2017,2
09/07/2017,4
05/01/2017,3
02/17/2017,5
02/17/2017,2
02/17/2017,5
12/22/2016,8
12/22/2016,2
09/23/2016,3
09/24/2017,2
01/25/2016,3
01/25/2016,1
03/21/2017,3
11/07/2017,3
05/29/2015,4
05/29/2015,3
12/23/2014,1
08/27/2017,8
10/25/2015,8
09/20/2014,2
09/20/2014,2
06/24/2014,2
08/12/2016,2
09/22/2017,1
12/10/2017,5
01/27/2015,5
10/18/2015,3
09/12/2014,6
11/27/2014,5
05/11/2014,8
08/28/2015,1
05/27/2017,5
11/25/2017,2
11/19/2016,2
11/05/2017,2
11/05/2017,2
11/05/2017,5
05/31/2015,2
12/02/2016,10
10/12/2017,3
01/03/2016,7
05/26/2016,3
11/20/2015,3
05/30/2017,1
12/05/2017,5
10/27/2016,14
06/12/2017,3
09/25/2016,2
05/11/2015,7
08/06/2015,3
09/22/2016,7
11/28/2015,5
10/17/2014,2
05/03/2016,2
03/31/2014,7
08/13/2015,3
05/26/2015,1
05/26/2015,5
09/14/2017,5
06/25/2017,1
07/28/2016,5
07/28/2016,5
09/19/2015,3
06/17/2016,3
05/16/2016,4
06/29/2017,3
06/29/2017,3
10/14/2014,9
11/18/2014,2
11/18/2014,4
01/28/2015,13
03/07/2014,6
03/07/2014,2
11/26/2016,8
11/26/2016,6
09/22/2014,3
09/22/2014,4
11/16/2017,3
11/16/2017,3
05/06/2016,4
12/13/2017,8
11/13/2015,3
03/11/2016,4
10/21/2016,3
10/21/2016,2
11/05/2014,2
09/22/2016,2
02/16/2016,3
08/20/2014,13
11/08/2015,5
11/24/2017,2
11/24/2017,2
11/11/2014,2
11/11/2014,4
03/27/2017,2
10/31/2016,5
11/24/2016,5
07/26/2014,3
05/31/2015,2
11/05/2014,5
03/27/2017,5
03/27/2017,3
03/27/2017,2
05/21/2014,2
07/18/2015,1
10/21/2016,2
07/27/2017,4
06/08/2015,7
08/15/2014,4
07/16/2017,3
12/16/2014,7
10/10/2016,4
09/25/2016,4
06/03/2014,7
09/02/2017,5
05/02/2016,2
05/02/2016,5
06/19/2017,4
03/26/2015,8
01/14/2017,2
11/01/2014,2
08/21/2016,7
07/25/2016,4
07/25/2016,5
06/06/2016,3
06/06/2016,2
03/28/2014,1
08/21/2017,3
11/12/2014,3
09/13/2015,7
09/13/2015,3
09/13/2015,5
09/13/2015,3
10/10/2015,3
01/29/2017,3
03/15/2016,5
09/04/2016,3
11/13/2015,4
06/03/2016,2
12/12/2016,5
06/01/2017,6
12/14/2015,2
03/19/2015,4
12/05/2016,1
09/06/2015,1
01/21/2014,3
02/26/2017,2
